<?xml version="1.0" encoding="utf-8"?>
<!DOCTYPE reference PUBLIC "-//OASIS//DTD DITA Reference//EN"
 "../../dtd/reference.dtd">
<!--
Licensed to the Apache Software Foundation (ASF) under one or more
contributor license agreements.  See the NOTICE file distributed with
this work for additional information regarding copyright ownership.
The ASF licenses this file to You under the Apache License, Version 2.0
(the "License"); you may not use this file except in compliance with
the License.  You may obtain a copy of the License at

http://www.apache.org/licenses/LICENSE-2.0

Unless required by applicable law or agreed to in writing, software
distributed under the License is distributed on an "AS IS" BASIS,
WITHOUT WARRANTIES OR CONDITIONS OF ANY KIND, either express or implied.
See the License for the specific language governing permissions and
limitations under the License.
-->
<reference id="rrefidentityvallocal" xml:lang="pt-br">
<title>IDENTITY_VAL_LOCAL</title>
<refbody>
<section>
<p>O <ph conref="refconrefs.dita#prod/productshortname"></ph> suporta a função
IDENTITY_VAL_LOCAL.</p>
</section>
<section>
<p></p>
</section>
<section>
<p><b>Sintaxe:</b>
<codeblock> IDENTITY_VAL_LOCAL ( )</codeblock>
</p>
</section>
<section>
<p>A função IDENTITY_VAL_LOCAL é uma função não determinística, que retorna o
valor atribuído mais recentemente a uma coluna identidade para a conexão,
onde a atribuição ocorreu como resultado de uma instrução INSERT de um única
linha utilizando uma cláusula VALUES.</p>
</section>
<section>
<p>A função IDENTITY_VAL_LOCAL não possui parâmetros de entrada.
O resultado é um DECIMAL (31,0), independentemente do tipo de dado real da
coluna identidade correspondente.</p>
</section>
<section>
<p>O valor retornado pela função IDENTITY_VAL_LOCAL, para a conexão, é o valor
atribuído à coluna identidade da tabela identificada na instrução INSERT de uma
única linha mais recente.
A instrução INSERT deve conter a cláusula VALUES na tabela que contém a
coluna de identidade.
O valor atribuído é um valor identidade gerado pelo
<ph conref="refconrefs.dita#prod/productshortname"></ph>.
A função retorna o valor nulo quando não tiver sido emitida uma instrução
INSERT de uma única linha com a cláusula VALUES para uma tabela contendo
coluna identidade.</p>
</section>
<section>
<p>O resultado da função não é afetado por:
 <ul>
<li>Uma instrução INSERT de uma única linha com a cláusula VALUES para uma
tabela sem coluna identidade</li>
<li>Uma instrução INSERT de várias linhas com a cláusula VALUES</li>
<li>Uma instrução INSERT com um FULLSELECT</li>
</ul>
</p>Se a tabela com a coluna identidade possuir um gatilho para INSERT
definido, que insere em outra tabela com outra coluna identidade, então a
função IDENTITY_VAL_LOCAL() retornará o valor gerado para a tabela da instrução,
e não para a tabela modificada pelo gatilho.
</section>
<section>
<p><b>Exemplos:</b></p>
</section>
<example>
<codeblock>ij&gt; CREATE TABLE T1(C1 INT GENERATED ALWAYS AS IDENTITY, C2 INT);
0 rows inserted/updated/deleted
ij&gt; INSERT INTO T1(C2) VALUES (8);
1 row inserted/updated/deleted
ij&gt; VALUES IDENTITY_VAL_LOCAL();
1
-------------------------------
1
1 row selected
ij&gt; SELECT IDENTITY_VAL_LOCAL()+1, IDENTITY_VAL_LOCAL()-1 FROM T1;
1                                |2
-------------------------------------------------------------------
2                                |0
1 row selected
ij&gt; INSERT INTO T1(C2) VALUES (IDENTITY_VAL_LOCAL());
1 row inserted/updated/deleted
ij&gt; SELECT * FROM T1;
C1             |C2
-------------------------------
1              |8
2              |1
2 rows selected
ij&gt; VALUES IDENTITY_VAL_LOCAL();
1
-------------------------------
2
1 row selected
ij&gt; INSERT INTO T1(C2) VALUES (8), (9);
2 rows inserted/updated/deleted
ij&gt; -- inserção de vários valores;
-- valor retornado pela função não deve mudar
VALUES IDENTITY_VAL_LOCAL();
1
-------------------------------
2
1 row selected
ij&gt; SELECT * FROM T1;
C1             |C2
-------------------------------
1              |8
2              |1
3              |8
4              |9
4 rows selected
ij&gt; INSERT INTO T1(C2) SELECT C1 FROM T1;
4 rows inserted/updated/deleted
ij&gt; -- inserção som sub-seleção;
-- valor retornado pela função não deve mudar
VALUES IDENTITY_VAL_LOCAL();
1
-------------------------------
2
1 row selected
ij&gt; SELECT * FROM T1;
C1             |C2
-------------------------------
1              |8
2              |1
3              |8
4              |9
5              |1
6              |2
7              |3
8              |4
8 rows selected
</codeblock>
</example>
</refbody>
</reference>
